{
    "2": {
        "area/pixel_count": 44902,
        "area_percentage": 0.08259525162837839
    },
    "3": {
        "area/pixel_count": 47394,
        "area_percentage": 0.08717917588693967
    },
    "5": {
        "area/pixel_count": 51417,
        "area_percentage": 0.0945793072240954
    },
    "8": {
        "area/pixel_count": 42260,
        "area_percentage": 0.07773540897544143
    },
    "9": {
        "area/pixel_count": 4737,
        "area_percentage": 0.008713502894383957
    },
    "12": {
        "area/pixel_count": 21283,
        "area_percentage": 0.03914914124998391
    },
    "13": {
        "area/pixel_count": 27684,
        "area_percentage": 0.0509234988659754
    },
    "14": {
        "area/pixel_count": 15215,
        "area_percentage": 0.02798732246950642
    },
    "15": {
        "area/pixel_count": 43841,
        "area_percentage": 0.08064358885216108
    },
    "16": {
        "area/pixel_count": 49153,
        "area_percentage": 0.09041477892498515
    },
    "18": {
        "area/pixel_count": 109541,
        "area_percentage": 0.20149584558870867
    },
    "20": {
        "area/pixel_count": 44257,
        "area_percentage": 0.08140880253256297
    },
    "21": {
        "area/pixel_count": 41955,
        "area_percentage": 0.07717437490687754
    },
    "22": {
        "area/pixel_count": 41955,
        "area_percentage": 0.07717437490687754
    },
    "23": {
        "area/pixel_count": 41955,
        "area_percentage": 0.07717437490687754
    },
    "24": {
        "area/pixel_count": 41955,
        "area_percentage": 0.07717437490687754
    },
    "25": {
        "area/pixel_count": 41955,
        "area_percentage": 0.07717437490687754
    }
}